Project,Year,Budget,Gross floor area (Cement floor finish),Gross floor area (unglazed tiles),"gross floor area  (cement floor finish, groove)",Number of floors,Grade 40,Grade 60,Number of rooms,Volume of structural concrete (cu.m.) wall footing/septic vault/stiffners CLASS A 28 DAYS / Lean Concrete,Volume of structural concrete (cu.m.) footings on fill CLASS A 28 DAYS,Volume of structural concrete (cu.m.) footing tie beams CLASS A 28 DAYS,Volume of structural concrete (cu.m.) columns CLASS A 28 DAYS,Volume of structural concrete (cu.m.) suspended slab CLASS A 28 DAYS,Volume of structural concrete (cu.m.) beams/girders CLASS A 28 DAYS,Volume of structural concrete (cu.m.) 3000 PSI  CLASS A 28 DAYS,Volume of structural concrete (cu.m.)  CLASS A 14 DAYS,Volume of structural concrete (cu.m.)  CLASS A 28 DAYS,Volume of structural concrete (cu.m.)  CLASS A 28 DAYS 4000 PSI,Volume of structural concrete (cu.m.)  CLASS B 28 DAYS,Volume of structural concrete (cu.m.)  CLASS AA 400 PSI @ 28 days,Volume of structural concrete (cu.m.)  CLASS A/B 2500 psi 28 days / Reimforced concrete,Area of formworks (sq.m.),Types of footings/foundation,Unnamed: 25,Unnamed: 26,Unnamed: 27,Unnamed: 28,Unnamed: 29,Unnamed: 30,Unnamed: 31,Unnamed: 32,Unnamed: 33,Unnamed: 34,Unnamed: 35,Unnamed: 36,Unnamed: 37,Unnamed: 38,Unnamed: 39,Unnamed: 40,Unnamed: 41,Unnamed: 42,Unnamed: 43,Unnamed: 44,Unnamed: 45,Unnamed: 46,Unnamed: 47,Unnamed: 48,Unnamed: 49,Unnamed: 50
"4 STY 8 CLS Malolos, Bulacan",2017,12723976.07,,,,,,,,,,,,,,,,,,,,,,,,,,,,,,,,,,,,,,,,,,,,,,,,
"2 STY 12 CLS Trento, Agusan del Sur",2018,,476769.27999999997,168030.72879999998,0.0,0.0,7793476.7768,0.0,0.0,0.0,0.0,0.0,0.0,0.0,0.0,0.0,0.0,3668240.1032,0.0,0.0,0.0,0.0,461399.04,0.0,0.0,0.0,0.0,0.0,0.0,0.0,0.0,0.0,0.0,0.0,0.0,0.0,0.0,0.0,0.0,0.0,0.0,0.0,0.0,0.0,0.0,0.0,0.0,0.0,0.0,0.0
"2 STY 10 CLS Sagbayan, Bohol",2000,20622505.73,359071.8,82811.12,0.0,0.0,4975553.66,0.0,0.0,0.0,0.0,0.0,0.0,0.0,0.0,0.0,0.0,2861235.0,0.0,0.0,0.0,0.0,952445.52,0.0,0.0,0.0,0.0,0.0,0.0,0.0,0.0,0.0,0.0,0.0,0.0,0.0,0.0,0.0,0.0,0.0,0.0,0.0,0.0,0.0,0.0,0.0,0.0,0.0,0.0,0.0
"2 STY 2 CLS Santa Maria, Bulacan",2024,9845122.86,67649.31,346037.31,0.0,0.0,860421.804,996904.7319,0.0,0.0,0.0,0.0,0.0,0.0,0.0,0.0,1071725.1288,0.0,0.0,0.0,0.0,0.0,1238759.6874,0.0,0.0,0.0,0.0,0.0,0.0,0.0,0.0,0.0,0.0,0.0,0.0,0.0,0.0,0.0,0.0,0.0,0.0,0.0,0.0,0.0,0.0,0.0,0.0,0.0,0.0,0.0
"1 STY 2 CLS Caba, La Union",2024,9845122.86,69259.31999999999,7484.400000000001,0.0,0.0,523125.4,0.0,0.0,0.0,0.0,0.0,0.0,0.0,0.0,0.0,0.0,338319.12,0.0,0.0,0.0,0.0,184543.2,0.0,0.0,0.0,0.0,0.0,0.0,0.0,0.0,0.0,0.0,0.0,0.0,0.0,0.0,0.0,0.0,0.0,0.0,0.0,0.0,0.0,0.0,0.0,0.0,0.0,0.0,0.0
3 STY 15 CLS Davao,2018,42652727.59,,,,,,,,,,,,,,,,,,,,,,,,,,,,,,,,,,,,,,,,,,,,,,,,
"3 STY 15 CLS Dapitan, Zamboanga del Norte",2017,12976092.09,402536.68559999997,102837.789,0.0,0.0,832128.3831,0.0,0.0,0.0,0.0,0.0,0.0,0.0,0.0,0.0,0.0,1309283.4141,0.0,0.0,0.0,0.0,149938.43,0.0,0.0,0.0,0.0,0.0,0.0,0.0,0.0,0.0,0.0,0.0,0.0,0.0,0.0,0.0,0.0,0.0,0.0,0.0,0.0,0.0,0.0,0.0,0.0,0.0,0.0,0.0
"1 STY 2 CLS Virac, Catamduanes",2017,2692467.18,39843.2112,0.0,0.0,0.0,819924.9576,0.0,0.0,0.0,470859.2928,0.0,0.0,0.0,0.0,0.0,0.0,0.0,0.0,0.0,0.0,0.0,255658.88,0.0,0.0,0.0,0.0,0.0,0.0,0.0,0.0,0.0,0.0,0.0,0.0,0.0,0.0,0.0,0.0,0.0,0.0,0.0,0.0,0.0,0.0,0.0,0.0,0.0,0.0,0.0
"2 STY 4 CLS IGACOS, Davao del Norte",2018,9581051.78,233502.21000000002,35161.83,0.0,0.0,1674239.675,0.0,0.0,0.0,959482.2692,240995.57849999997,180968.5119,345323.0352,322119.1008,0.0,0.0,0.0,0.0,0.0,0.0,0.0,207200.41,0.0,0.0,0.0,0.0,0.0,0.0,0.0,0.0,0.0,0.0,0.0,0.0,0.0,0.0,0.0,0.0,0.0,0.0,0.0,0.0,0.0,0.0,0.0,0.0,0.0,0.0,0.0
"1 STY 1 CLS Tandag City, Surigao del Sur",2018,3373734.87,27352.08,10507.412999999999,0.0,0.0,878249.1120000001,0.0,0.0,0.0,0.0,0.0,0.0,0.0,0.0,158309.8356,0.0,0.0,0.0,0.0,0.0,0.0,93975.4953,0.0,0.0,0.0,0.0,0.0,0.0,0.0,0.0,0.0,0.0,0.0,0.0,0.0,0.0,0.0,0.0,0.0,0.0,0.0,0.0,0.0,0.0,0.0,0.0,0.0,0.0,0.0
"4 STY 8 CLS Tandag City, Surigao del Sur",2024,24603184.34,197406.39599999998,72499.7168,0.0,0.0,11101837.400399998,0.0,0.0,0.0,1060618.2763,0.0,0.0,0.0,0.0,0.0,0.0,2221735.3944,0.0,0.0,0.0,0.0,449155.1592,0.0,0.0,0.0,0.0,0.0,0.0,0.0,0.0,0.0,0.0,0.0,0.0,0.0,0.0,0.0,0.0,0.0,0.0,0.0,0.0,0.0,0.0,0.0,0.0,0.0,0.0,0.0
2 STY 6 CLS Misamis Oriental,2023,22565635.92,643703.5604999999,95847.6465,0.0,0.0,693667.3396,2617242.3636,0.0,0.0,0.0,0.0,0.0,0.0,0.0,386662.24789999996,0.0,0.0,1875445.7094000003,0.0,0.0,0.0,160797.9975,0.0,0.0,0.0,0.0,0.0,0.0,0.0,0.0,0.0,0.0,0.0,0.0,0.0,0.0,0.0,0.0,0.0,0.0,0.0,0.0,0.0,0.0,0.0,0.0,0.0,0.0,0.0
1 STY 2 CLS Misamis Oriental,2024,6732123.1,106681.1718,16735.0952,0.0,0.0,1255127.0680000002,0.0,0.0,0.0,0.0,0.0,0.0,0.0,0.0,301386.75,0.0,113933.67719999999,0.0,178778.19960000002,0.0,0.0,96687.9753,0.0,0.0,0.0,0.0,0.0,0.0,0.0,0.0,0.0,0.0,0.0,0.0,0.0,0.0,0.0,0.0,0.0,0.0,0.0,0.0,0.0,0.0,0.0,0.0,0.0,0.0,0.0
"1 STY 2 CLS Las Navas, Northern Samar",2024,5967992.82,110975.58,0.0,0.0,0.0,1028991.6,424331.25,0.0,0.0,0.0,0.0,0.0,0.0,0.0,0.0,0.0,975057.1199999999,0.0,0.0,0.0,0.0,398903.3,0.0,0.0,0.0,0.0,0.0,0.0,0.0,0.0,0.0,0.0,0.0,0.0,0.0,0.0,0.0,0.0,0.0,0.0,0.0,0.0,0.0,0.0,0.0,0.0,0.0,0.0,0.0
4 STY 12 CLS Consolacion Cebu,2024,24782396.29,390696.9525,143389.3671,0.0,0.0,3365045.492,6628303.149,0.0,0.0,0.0,0.0,0.0,0.0,0.0,138247.3456,0.0,0.0,4015406.3007000005,0.0,0.0,0.0,720736.8828,0.0,0.0,0.0,0.0,0.0,0.0,0.0,0.0,0.0,0.0,0.0,0.0,0.0,0.0,0.0,0.0,0.0,0.0,0.0,0.0,0.0,0.0,0.0,0.0,0.0,0.0,0.0
"1 STY 2 CLS Canlaon, Negros Oriental W/ CR",2024,5456718.16,,,,,,,,,,,,,,,,,,,,,,,,,,,,,,,,,,,,,,,,,,,,,,,,
2 STY 12 CLS Magallanes Sorsogon,2024,62332762.35,599795.5218,91240.98999999999,0.0,0.0,3137301.8858999996,6695001.7256000005,0.0,0.0,0.0,0.0,0.0,0.0,0.0,0.0,0.0,0.0,4910722.4352,0.0,0.0,0.0,2344324.912,0.0,0.0,0.0,0.0,0.0,0.0,0.0,0.0,0.0,0.0,0.0,0.0,0.0,0.0,0.0,0.0,0.0,0.0,0.0,0.0,0.0,0.0,0.0,0.0,0.0,0.0,0.0
2 STY 12 CLS Casiguran Sorsogon,2024,62172175.91,599795.5218,91240.98999999999,0.0,0.0,3054821.6999999997,6578260.76,0.0,0.0,0.0,0.0,0.0,0.0,0.0,0.0,0.0,0.0,4800554.52,0.0,0.0,0.0,2288537.84,0.0,0.0,0.0,0.0,0.0,0.0,0.0,0.0,0.0,0.0,0.0,0.0,0.0,0.0,0.0,0.0,0.0,0.0,0.0,0.0,0.0,0.0,0.0,0.0,0.0,0.0,0.0
2 STY 4 CLS Bacacy/Malilipot Albay,2024,38605670.21,82149.288,6216569.19,0.0,0.0,2408032.4076,0.0,0.0,0.0,0.0,0.0,0.0,0.0,0.0,1414125.8995,0.0,0.0,0.0,0.0,0.0,0.0,1413223.15,0.0,0.0,0.0,0.0,0.0,0.0,0.0,0.0,0.0,0.0,0.0,0.0,0.0,0.0,0.0,0.0,0.0,0.0,0.0,0.0,0.0,0.0,0.0,0.0,0.0,0.0,0.0
1 STY 2 CLS Dasol Pangasinan,2024,5853469.15,23413.482000000004,14904.185000000001,0.0,0.0,985562.3259999999,0.0,0.0,0.0,0.0,0.0,0.0,0.0,0.0,543998.8542000001,0.0,0.0,0.0,0.0,0.0,0.0,485803.17659999995,0.0,0.0,0.0,0.0,0.0,0.0,0.0,0.0,0.0,0.0,0.0,0.0,0.0,0.0,0.0,0.0,0.0,0.0,0.0,0.0,0.0,0.0,0.0,0.0,0.0,0.0,0.0
4 STY 16 CLS Dasol Pangasinan,2024,47846905.84,52075.460999999996,3519792.5298,0.0,0.0,4231033.6156,10588551.2087,0.0,0.0,0.0,0.0,0.0,0.0,0.0,0.0,0.0,6920166.714999999,0.0,0.0,0.0,0.0,1228012.536,0.0,0.0,0.0,0.0,0.0,0.0,0.0,0.0,0.0,0.0,0.0,0.0,0.0,0.0,0.0,0.0,0.0,0.0,0.0,0.0,0.0,0.0,0.0,0.0,0.0,0.0,0.0
"4 STY 12 CLS San Nicolas, Ilocos Norte",2024,39394161.38,408535.852,1070768.16,0.0,0.0,3339577.9926,7676433.504,0.0,0.0,0.0,0.0,0.0,0.0,0.0,4498150.734,0.0,0.0,0.0,0.0,0.0,0.0,715178.735,0.0,0.0,0.0,0.0,0.0,0.0,0.0,0.0,0.0,0.0,0.0,0.0,0.0,0.0,0.0,0.0,0.0,0.0,0.0,0.0,0.0,0.0,0.0,0.0,0.0,0.0,0.0
"2 STY 8 CLS Guinobatan, Albay",2024,35733936.48,30655.834200000005,1275753.2292,0.0,0.0,3180279.262,4600341.8610000005,0.0,0.0,0.0,0.0,0.0,0.0,0.0,0.0,0.0,0.0,4152457.6392,926213.064,0.0,0.0,2062139.5124,0.0,0.0,0.0,0.0,0.0,0.0,0.0,0.0,0.0,0.0,0.0,0.0,0.0,0.0,0.0,0.0,0.0,0.0,0.0,0.0,0.0,0.0,0.0,0.0,0.0,0.0,0.0
2 STY 6 CLS Alangalang Leyte,2023,16377168.67,196815.7459,50207.1225,0.0,0.0,1138368.6162,3281754.9552,0.0,0.0,0.0,0.0,0.0,0.0,0.0,0.0,0.0,2183714.133,0.0,0.0,0.0,0.0,2065128.2271000003,0.0,0.0,0.0,0.0,0.0,0.0,0.0,0.0,0.0,0.0,0.0,0.0,0.0,0.0,0.0,0.0,0.0,0.0,0.0,0.0,0.0,0.0,0.0,0.0,0.0,0.0,0.0
"1 STY 2 CLS Sipalay, Negros Occidental",2023,4992477.72,76419.44189999999,2949.2206000000006,0.0,0.0,1192459.6376,0.0,0.0,0.0,232849.2582,69553.38560000001,64434.949799999995,0.0,107344.8402,0.0,0.0,0.0,0.0,0.0,0.0,0.0,189877.5288,0.0,0.0,0.0,0.0,0.0,0.0,0.0,0.0,0.0,0.0,0.0,0.0,0.0,0.0,0.0,0.0,0.0,0.0,0.0,0.0,0.0,0.0,0.0,0.0,0.0,0.0,0.0
"2 STY 4 CLS Pilar, Sorsogon",2023,17939932.19,253961.4,50750.7,0.0,0.0,1732781.97,4326549.28,0.0,0.0,0.0,0.0,0.0,0.0,0.0,0.0,0.0,0.0,1483848.0199999998,0.0,0.0,0.0,243972.08,0.0,0.0,0.0,0.0,0.0,0.0,0.0,0.0,0.0,0.0,0.0,0.0,0.0,0.0,0.0,0.0,0.0,0.0,0.0,0.0,0.0,0.0,0.0,0.0,0.0,0.0,0.0
"2 STY 4 CLS Pilar, Sorsogon",2023,17939932.19,253961.4,50750.7,0.0,0.0,1732781.97,4326549.28,0.0,0.0,0.0,0.0,0.0,0.0,0.0,0.0,0.0,0.0,1483848.0199999998,0.0,0.0,0.0,243972.08,0.0,0.0,0.0,0.0,0.0,0.0,0.0,0.0,0.0,0.0,0.0,0.0,0.0,0.0,0.0,0.0,0.0,0.0,0.0,0.0,0.0,0.0,0.0,0.0,0.0,0.0,0.0
"2 STY 4 CLS Pilar, Sorsogon",2023,17939815.37,253961.4,50750.7,0.0,0.0,1732781.97,4326549.28,0.0,0.0,0.0,0.0,0.0,0.0,0.0,0.0,0.0,0.0,1483848.0199999998,0.0,0.0,0.0,243972.08,0.0,0.0,0.0,0.0,0.0,0.0,0.0,0.0,0.0,0.0,0.0,0.0,0.0,0.0,0.0,0.0,0.0,0.0,0.0,0.0,0.0,0.0,0.0,0.0,0.0,0.0,0.0
"2 STY 4 CLS Pilar, Sorsogon",2023,17939815.37,253961.4,50750.7,0.0,0.0,1732781.97,4326549.28,0.0,0.0,0.0,0.0,0.0,0.0,0.0,0.0,0.0,0.0,1483848.0199999998,0.0,0.0,0.0,243972.08,0.0,0.0,0.0,0.0,0.0,0.0,0.0,0.0,0.0,0.0,0.0,0.0,0.0,0.0,0.0,0.0,0.0,0.0,0.0,0.0,0.0,0.0,0.0,0.0,0.0,0.0,0.0
"2 STY 4 CLS Panganiban, Camarines Norte",2023,18426577.63,242692.78,29444.87,0.0,0.0,2691860.85,0.0,0.0,0.0,0.0,0.0,0.0,0.0,0.0,0.0,0.0,0.0,0.0,0.0,0.0,0.0,298300.14,0.0,0.0,0.0,0.0,0.0,0.0,0.0,0.0,0.0,0.0,0.0,0.0,0.0,0.0,0.0,0.0,0.0,0.0,0.0,0.0,0.0,0.0,0.0,0.0,0.0,0.0,0.0
"2 STY 4 CLS Panganiban, Camarines Norte",2023,18426577.63,242654.4096,30918.606900000002,0.0,0.0,3526337.7134999996,0.0,0.0,0.0,0.0,0.0,0.0,0.0,0.0,1840586.4420000003,0.0,0.0,0.0,0.0,0.0,0.0,872880.2325,0.0,0.0,0.0,0.0,0.0,0.0,0.0,0.0,0.0,0.0,0.0,0.0,0.0,0.0,0.0,0.0,0.0,0.0,0.0,0.0,0.0,0.0,0.0,0.0,0.0,0.0,0.0
"2 STY 4 CLS Guinlajon, Sorsogon CIty",2020,14296869.78,157354.34490000003,25155.532000000003,0.0,0.0,1542128.8608000001,3349717.8521999996,0.0,0.0,0.0,0.0,0.0,0.0,0.0,0.0,0.0,0.0,1365263.5860000001,0.0,0.0,0.0,644393.6576,0.0,0.0,0.0,0.0,0.0,0.0,0.0,0.0,0.0,0.0,0.0,0.0,0.0,0.0,0.0,0.0,0.0,0.0,0.0,0.0,0.0,0.0,0.0,0.0,0.0,0.0,0.0
"2 STY 4 CLS Guinlajon, Sorsogon CIty",2020,14296869.78,157354.34490000003,24234.836000000003,0.0,0.0,1510644.6432,3312304.7712,0.0,0.0,0.0,0.0,0.0,0.0,0.0,0.0,0.0,0.0,1322739.5904,0.0,0.0,0.0,640128.9488,0.0,0.0,0.0,0.0,0.0,0.0,0.0,0.0,0.0,0.0,0.0,0.0,0.0,0.0,0.0,0.0,0.0,0.0,0.0,0.0,0.0,0.0,0.0,0.0,0.0,0.0,0.0
"2 STY 4 CLS Guinlajon, Sorsogon CIty",2020,14296869.78,157354.34490000003,25155.532000000003,0.0,0.0,1324155.2824,2931003.2214,0.0,0.0,0.0,0.0,0.0,0.0,0.0,0.0,0.0,0.0,1365263.5860000001,0.0,0.0,0.0,644393.6576,0.0,0.0,0.0,0.0,0.0,0.0,0.0,0.0,0.0,0.0,0.0,0.0,0.0,0.0,0.0,0.0,0.0,0.0,0.0,0.0,0.0,0.0,0.0,0.0,0.0,0.0,0.0
"2 STY 4 CLS Guinlajon, Sorsogon CIty",2020,14296869.78,157354.34490000003,24234.836000000003,0.0,0.0,1297121.2296,2898266.7744000005,0.0,0.0,0.0,0.0,0.0,0.0,0.0,0.0,0.0,0.0,1322739.5904,0.0,0.0,0.0,640128.9488,0.0,0.0,0.0,0.0,0.0,0.0,0.0,0.0,0.0,0.0,0.0,0.0,0.0,0.0,0.0,0.0,0.0,0.0,0.0,0.0,0.0,0.0,0.0,0.0,0.0,0.0,0.0
"2 STY 4 CLS Guinlajon, Sorsogon CIty",2020,12681800.48,157354.34490000003,25155.532000000003,0.0,0.0,1542128.8608000001,3349717.8521999996,0.0,0.0,0.0,0.0,0.0,0.0,0.0,0.0,0.0,0.0,1365263.5860000001,0.0,0.0,0.0,644393.6576,0.0,0.0,0.0,0.0,0.0,0.0,0.0,0.0,0.0,0.0,0.0,0.0,0.0,0.0,0.0,0.0,0.0,0.0,0.0,0.0,0.0,0.0,0.0,0.0,0.0,0.0,0.0
"2 STY 4 CLS Guinlajon, Sorsogon CIty",2020,12681800.48,157354.34490000003,24234.836000000003,0.0,0.0,1510644.6432,3312304.7712,0.0,0.0,0.0,0.0,0.0,0.0,0.0,0.0,0.0,0.0,1322739.5904,0.0,0.0,0.0,640128.9488,0.0,0.0,0.0,0.0,0.0,0.0,0.0,0.0,0.0,0.0,0.0,0.0,0.0,0.0,0.0,0.0,0.0,0.0,0.0,0.0,0.0,0.0,0.0,0.0,0.0,0.0,0.0
"2 STY 4 CLS Guinlajon, Sorsogon CIty",2020,12681800.48,157354.34490000003,25155.532000000003,0.0,0.0,1324155.2824,2931003.2214,0.0,0.0,0.0,0.0,0.0,0.0,0.0,0.0,0.0,0.0,1365263.5860000001,0.0,0.0,0.0,644393.6576,0.0,0.0,0.0,0.0,0.0,0.0,0.0,0.0,0.0,0.0,0.0,0.0,0.0,0.0,0.0,0.0,0.0,0.0,0.0,0.0,0.0,0.0,0.0,0.0,0.0,0.0,0.0
"2 STY 4 CLS Guinlajon, Sorsogon CIty",2020,12681800.48,157354.34490000003,24234.836000000003,0.0,0.0,1297121.2296,2898266.7744000005,0.0,0.0,0.0,0.0,0.0,0.0,0.0,0.0,0.0,0.0,1322739.5904,0.0,0.0,0.0,640128.9488,0.0,0.0,0.0,0.0,0.0,0.0,0.0,0.0,0.0,0.0,0.0,0.0,0.0,0.0,0.0,0.0,0.0,0.0,0.0,0.0,0.0,0.0,0.0,0.0,0.0,0.0,0.0
"1 STY 2 CLS , Palo Leyte",2018,3868683.94,92500.056,7939.555,0.0,0.0,205173.472,371421.65780000004,0.0,0.0,171413.949,59192.39280000001,71914.2948,0.0,0.0,0.0,0.0,0.0,0.0,0.0,0.0,0.0,75542.5856,0.0,0.0,0.0,0.0,0.0,0.0,0.0,0.0,0.0,0.0,0.0,0.0,0.0,0.0,0.0,0.0,0.0,0.0,0.0,0.0,0.0,0.0,0.0,0.0,0.0,0.0,0.0
"1 STY 2 CLS Tinglayan, Kalinga",2018,3660269.09,71163.2766,7357.245,0.0,0.0,397561.34079999995,0.0,0.0,0.0,222226.9291,57584.39399999999,52749.1581,0.0,0.0,0.0,0.0,0.0,0.0,0.0,0.0,0.0,245715.3202,0.0,0.0,0.0,0.0,0.0,0.0,0.0,0.0,0.0,0.0,0.0,0.0,0.0,0.0,0.0,0.0,0.0,0.0,0.0,0.0,0.0,0.0,0.0,0.0,0.0,0.0,0.0
2 STY 8 CLS Iligan City,2017,16092682.98,142933.8884,0.0,0.0,0.0,7006033.555300001,0.0,0.0,0.0,0.0,0.0,0.0,0.0,0.0,0.0,0.0,2801752.3728,0.0,0.0,0.0,0.0,739721.9079999999,0.0,0.0,0.0,0.0,0.0,0.0,0.0,0.0,0.0,0.0,0.0,0.0,0.0,0.0,0.0,0.0,0.0,0.0,0.0,0.0,0.0,0.0,0.0,0.0,0.0,0.0,0.0
"2 STY 6 CLS Tubod, Lanao del Norte",2017,11765881.04,286498.8525,0.0,0.0,0.0,2273143.6547999997,0.0,0.0,0.0,0.0,0.0,0.0,0.0,0.0,0.0,0.0,1637609.46,0.0,0.0,0.0,0.0,76501.1856,0.0,0.0,0.0,0.0,0.0,0.0,0.0,0.0,0.0,0.0,0.0,0.0,0.0,0.0,0.0,0.0,0.0,0.0,0.0,0.0,0.0,0.0,0.0,0.0,0.0,0.0,0.0
"2 STY 6 CLS Baroy, Lanao del Norte",2017,11761387.11,111113.0006,0.0,0.0,0.0,2285038.9034999995,0.0,0.0,0.0,0.0,0.0,0.0,0.0,0.0,0.0,0.0,1652492.32,0.0,0.0,0.0,0.0,510015.16079999995,0.0,0.0,0.0,0.0,0.0,0.0,0.0,0.0,0.0,0.0,0.0,0.0,0.0,0.0,0.0,0.0,0.0,0.0,0.0,0.0,0.0,0.0,0.0,0.0,0.0,0.0,0.0
"2 STY 6 CLS San Juan, Siquijor",2017,11996863.21,131932.7947,27738.9745,0.0,0.0,3048333.3786,0.0,0.0,0.0,0.0,0.0,0.0,0.0,0.0,0.0,0.0,1556651.9978999998,0.0,0.0,0.0,0.0,2464540.0507,0.0,0.0,0.0,0.0,0.0,0.0,0.0,0.0,0.0,0.0,0.0,0.0,0.0,0.0,0.0,0.0,0.0,0.0,0.0,0.0,0.0,0.0,0.0,0.0,0.0,0.0,0.0
"4 STY 8 CLS Lipa City, Batangas",2017,17061708.0,,,,,,,,,,,,,,,,,,,,,,,,,,,,,,,,,,,,,,,,,,,,,,,,
"4 STY 16 CLS Mandaue City, Cebu",2017,26186759.94,26249.978300000002,82722.38399999999,33818.33,0.0,8553386.932999998,0.0,0.0,0.0,1911756.7999999998,283776.39999999997,731844.4,724675.3119999999,752156.816,0.0,0.0,0.0,0.0,0.0,0.0,0.0,777748.2000000001,0.0,0.0,0.0,0.0,0.0,0.0,0.0,0.0,0.0,0.0,0.0,0.0,0.0,0.0,0.0,0.0,0.0,0.0,0.0,0.0,0.0,0.0,0.0,0.0,0.0,0.0,0.0
2 STY 4 CLS Vigan Ilocos Sur,2019,10862688.3,65076.939999999995,481447.161,0.0,0.0,1151863.6394,1637180.469,0.0,0.0,0.0,0.0,0.0,0.0,0.0,0.0,0.0,938514.036,0.0,0.0,0.0,0.0,590169.9042,0.0,0.0,0.0,0.0,0.0,0.0,0.0,0.0,0.0,0.0,0.0,0.0,0.0,0.0,0.0,0.0,0.0,0.0,0.0,0.0,0.0,0.0,0.0,0.0,0.0,0.0,0.0
"4 STY 20 CLS Belison, Antique",2020,46481067.07,729053.2824,95235.6,0.0,0.0,4084067.4,9317275.45,0.0,0.0,0.0,0.0,0.0,0.0,0.0,0.0,0.0,8133817.92,0.0,0.0,0.0,0.0,2213752.58,0.0,0.0,0.0,0.0,0.0,0.0,0.0,0.0,0.0,0.0,0.0,0.0,0.0,0.0,0.0,0.0,0.0,0.0,0.0,0.0,0.0,0.0,0.0,0.0,0.0,0.0,0.0
"3 STY 9 CLS San, Joquin, Iloilo",2018,14804621.77,,,,,,,,,,,,,,,,,,,,,,,,,,,,,,,,,,,,,,,,,,,,,,,,
"1 STY 2 CLS Tandag City, Surigao Del Sur",2024,4924058.92,77805.0,9479.134399999999,0.0,0.0,1188202.736,0.0,0.0,0.0,0.0,0.0,0.0,0.0,0.0,360830.75,0.0,199128.839,0.0,0.0,0.0,0.0,119849.47679999999,0.0,0.0,0.0,0.0,0.0,0.0,0.0,0.0,0.0,0.0,0.0,0.0,0.0,0.0,0.0,0.0,0.0,0.0,0.0,0.0,0.0,0.0,0.0,0.0,0.0,0.0,0.0
"3 STY 12 CLS sIPALAY ciTY, nEGROS oCCIDENTAL",2018,30144572.16,,,,,,,,,,,,,,,,,,,,,,,,,,,,,,,,,,,,,,,,,,,,,,,,
1 STY 3 CLS NABAS AKLAN,2023,9184048.94,119952.22499999999,23190.271200000003,0.0,0.0,1998264.7875,0.0,0.0,0.0,0.0,0.0,0.0,0.0,0.0,0.0,0.0,1016378.5597,0.0,0.0,0.0,0.0,306935.889,0.0,0.0,0.0,0.0,0.0,0.0,0.0,0.0,0.0,0.0,0.0,0.0,0.0,0.0,0.0,0.0,0.0,0.0,0.0,0.0,0.0,0.0,0.0,0.0,0.0,0.0,0.0
3 STY 6 CLS CEBU CITY,2018,16461811.0,80035.84,54484.02,0.0,0.0,4022159.4399999995,0.0,0.0,0.0,0.0,0.0,0.0,0.0,0.0,0.0,0.0,2980994.56,0.0,0.0,0.0,0.0,1427333.6,0.0,0.0,0.0,0.0,0.0,0.0,0.0,0.0,0.0,0.0,0.0,0.0,0.0,0.0,0.0,0.0,0.0,0.0,0.0,0.0,0.0,0.0,0.0,0.0,0.0,0.0,0.0
4 STY 8 CLS SANTA ROSA LAGUNA,2018,38845165.0,8302.2,7165028.88,0.0,0.0,3483058.5,5213673.99,0.0,0.0,0.0,0.0,0.0,0.0,0.0,379807.92,0.0,0.0,5824722.15,0.0,0.0,0.0,1709447.42,0.0,0.0,0.0,0.0,0.0,0.0,0.0,0.0,0.0,0.0,0.0,0.0,0.0,0.0,0.0,0.0,0.0,0.0,0.0,0.0,0.0,0.0,0.0,0.0,0.0,0.0,0.0
2 STY 6 CLS SANTA MARIA BULACAN,2024,23686235.62,239770.88,1125537.084,0.0,0.0,1666026.8752000001,1844452.0704,0.0,0.0,0.0,0.0,0.0,0.0,0.0,0.0,2296937.771,0.0,0.0,0.0,0.0,0.0,1621484.9028,0.0,0.0,0.0,0.0,0.0,0.0,0.0,0.0,0.0,0.0,0.0,0.0,0.0,0.0,0.0,0.0,0.0,0.0,0.0,0.0,0.0,0.0,0.0,0.0,0.0,0.0,0.0
1 STY 4 CLS PATIKUL SULU,2000,9944999.11,19211.2,18014.100000000002,0.0,0.0,1677397.05,0.0,0.0,0.0,0.0,0.0,0.0,0.0,0.0,1007564.8319999999,0.0,0.0,0.0,0.0,0.0,0.0,996555.702,0.0,0.0,0.0,0.0,0.0,0.0,0.0,0.0,0.0,0.0,0.0,0.0,0.0,0.0,0.0,0.0,0.0,0.0,0.0,0.0,0.0,0.0,0.0,0.0,0.0,0.0,0.0
4 STY 8 CLS CEBU CITY,2024,14915000.0,324760.0,132300.0,0.0,0.0,1478900.0,3374340.0,0.0,0.0,0.0,0.0,597400.0,628300.0,850779.9999999999,0.0,0.0,103400.0,0.0,0.0,0.0,0.0,957600.0,0.0,0.0,0.0,0.0,0.0,0.0,0.0,0.0,0.0,0.0,0.0,0.0,0.0,0.0,0.0,0.0,0.0,0.0,0.0,0.0,0.0,0.0,0.0,0.0,0.0,0.0,0.0
4 STY 12 CLS ANTIPOLO RIZAL,2024,39202994.03,535056.9,895034.5599999999,0.0,0.0,10278863.226,0.0,0.0,0.0,0.0,0.0,0.0,0.0,0.0,0.0,0.0,0.0,6692702.210599999,0.0,0.0,0.0,2086589.61,0.0,0.0,0.0,0.0,0.0,0.0,0.0,0.0,0.0,0.0,0.0,0.0,0.0,0.0,0.0,0.0,0.0,0.0,0.0,0.0,0.0,0.0,0.0,0.0,0.0,0.0,0.0
4 STY 8 CLS SAN JOSE DEL MONTE BULACAN,2024,21233360.79,150897.618,719358.4029,0.0,0.0,870328.0508999999,2323294.2184,0.0,0.0,0.0,0.0,0.0,0.0,0.0,0.0,3108062.0375,0.0,0.0,0.0,0.0,0.0,1965829.8565999998,0.0,0.0,0.0,0.0,0.0,0.0,0.0,0.0,0.0,0.0,0.0,0.0,0.0,0.0,0.0,0.0,0.0,0.0,0.0,0.0,0.0,0.0,0.0,0.0,0.0,0.0,0.0
"1 STY 1 CLS TANDAG CITY, SURIGAO DEL SUR",2024,3444309.0,27352.08,10415.537999999999,0.0,0.0,911987.4225,0.0,0.0,0.0,0.0,0.0,0.0,0.0,0.0,219436.8816,0.0,150320.65099999998,0.0,0.0,0.0,0.0,94447.63799999999,0.0,0.0,0.0,0.0,0.0,0.0,0.0,0.0,0.0,0.0,0.0,0.0,0.0,0.0,0.0,0.0,0.0,0.0,0.0,0.0,0.0,0.0,0.0,0.0,0.0,0.0,0.0
2 STY 4 CLS NAGCARLAN LAGUNA,2024,9671400.0,37260.0,30810.0,0.0,0.0,1014846.0,1480951.0,0.0,0.0,0.0,0.0,0.0,0.0,0.0,527250.0,0.0,0.0,2274480.0,0.0,0.0,0.0,807875.0,0.0,0.0,0.0,0.0,0.0,0.0,0.0,0.0,0.0,0.0,0.0,0.0,0.0,0.0,0.0,0.0,0.0,0.0,0.0,0.0,0.0,0.0,0.0,0.0,0.0,0.0,0.0
2 STY 4 CLS SAN JOSE BATANGAS,2024,24128750.0,11536.0,235056.0,0.0,0.0,1417282.5,2007929.0,0.0,0.0,0.0,0.0,0.0,0.0,0.0,894970.0,0.0,0.0,1959105.0,0.0,0.0,0.0,857142.0,0.0,0.0,0.0,0.0,0.0,0.0,0.0,0.0,0.0,0.0,0.0,0.0,0.0,0.0,0.0,0.0,0.0,0.0,0.0,0.0,0.0,0.0,0.0,0.0,0.0,0.0,0.0
"1 STY 5 CLS La paz, zamboanga",2023,10629229.8,233280.3002,16268.175,0.0,0.0,2536352.2613,0.0,0.0,0.0,0.0,0.0,0.0,0.0,0.0,1852801.9293,0.0,0.0,0.0,0.0,0.0,0.0,450910.06019999995,0.0,0.0,0.0,0.0,0.0,0.0,0.0,0.0,0.0,0.0,0.0,0.0,0.0,0.0,0.0,0.0,0.0,0.0,0.0,0.0,0.0,0.0,0.0,0.0,0.0,0.0,0.0
1 STY 4 CLS Nueva Valencia Guimaas,2023,11442537.6,195935.22,30022.835799999997,0.0,0.0,619855.5617,1685003.9034999998,0.0,0.0,0.0,0.0,0.0,0.0,0.0,0.0,0.0,1489347.452,0.0,0.0,0.0,0.0,394790.48319999996,0.0,0.0,0.0,0.0,0.0,0.0,0.0,0.0,0.0,0.0,0.0,0.0,0.0,0.0,0.0,0.0,0.0,0.0,0.0,0.0,0.0,0.0,0.0,0.0,0.0,0.0,0.0
2 STY 4 CLS San Miguel Catanduanes,2023,28337380.67,223185.93009999997,27441.114749999997,0.0,0.0,5310357.9568,0.0,0.0,0.0,0.0,0.0,0.0,0.0,0.0,0.0,1963174.6968,0.0,0.0,0.0,0.0,0.0,713877.6744,0.0,0.0,0.0,0.0,0.0,0.0,0.0,0.0,0.0,0.0,0.0,0.0,0.0,0.0,0.0,0.0,0.0,0.0,0.0,0.0,0.0,0.0,0.0,0.0,0.0,0.0,0.0
2 STY 4 CLS San Miguel Catanduanes,2023,28337380.67,223185.93009999997,27441.114749999997,0.0,0.0,5310357.9568,0.0,0.0,0.0,0.0,0.0,0.0,0.0,0.0,0.0,1963174.6968,0.0,0.0,0.0,0.0,0.0,713877.6744,0.0,0.0,0.0,0.0,0.0,0.0,0.0,0.0,0.0,0.0,0.0,0.0,0.0,0.0,0.0,0.0,0.0,0.0,0.0,0.0,0.0,0.0,0.0,0.0,0.0,0.0,0.0
2 STY 4 CLS San Miguel Catanduanes,2023,28337380.67,223185.93009999997,27441.114749999997,0.0,0.0,5310357.9568,0.0,0.0,0.0,0.0,0.0,0.0,0.0,0.0,0.0,1963174.6968,0.0,0.0,0.0,0.0,0.0,713877.6744,0.0,0.0,0.0,0.0,0.0,0.0,0.0,0.0,0.0,0.0,0.0,0.0,0.0,0.0,0.0,0.0,0.0,0.0,0.0,0.0,0.0,0.0,0.0,0.0,0.0,0.0,0.0
2 STY 4 CLS San Miguel Catanduanes,2023,28337380.67,223185.93009999997,27441.114749999997,0.0,0.0,5310357.9568,0.0,0.0,0.0,0.0,0.0,0.0,0.0,0.0,0.0,1963174.6968,0.0,0.0,0.0,0.0,0.0,713877.6744,0.0,0.0,0.0,0.0,0.0,0.0,0.0,0.0,0.0,0.0,0.0,0.0,0.0,0.0,0.0,0.0,0.0,0.0,0.0,0.0,0.0,0.0,0.0,0.0,0.0,0.0,0.0
2 STY 4 CLS San Miguel Catanduanes,2023,28337380.67,223185.93009999997,27441.114749999997,0.0,0.0,5310357.9568,0.0,0.0,0.0,0.0,0.0,0.0,0.0,0.0,0.0,1963174.6968,0.0,0.0,0.0,0.0,0.0,713877.6744,0.0,0.0,0.0,0.0,0.0,0.0,0.0,0.0,0.0,0.0,0.0,0.0,0.0,0.0,0.0,0.0,0.0,0.0,0.0,0.0,0.0,0.0,0.0,0.0,0.0,0.0,0.0
2 STY 4 CLS San Miguel Catanduanes,2023,28337380.67,223185.93009999997,27441.114749999997,0.0,0.0,5310357.9568,0.0,0.0,0.0,0.0,0.0,0.0,0.0,0.0,0.0,1963174.6968,0.0,0.0,0.0,0.0,0.0,713877.6744,0.0,0.0,0.0,0.0,0.0,0.0,0.0,0.0,0.0,0.0,0.0,0.0,0.0,0.0,0.0,0.0,0.0,0.0,0.0,0.0,0.0,0.0,0.0,0.0,0.0,0.0,0.0
2 STY 4 CLS San Miguel Catanduanes,2023,28337380.67,223185.93009999997,27441.114749999997,0.0,0.0,5310357.9568,0.0,0.0,0.0,0.0,0.0,0.0,0.0,0.0,0.0,1963174.6968,0.0,0.0,0.0,0.0,0.0,713877.6744,0.0,0.0,0.0,0.0,0.0,0.0,0.0,0.0,0.0,0.0,0.0,0.0,0.0,0.0,0.0,0.0,0.0,0.0,0.0,0.0,0.0,0.0,0.0,0.0,0.0,0.0,0.0
2 STY 4 CLS San Miguel Catanduanes,2023,28337380.67,223185.93009999997,27441.114749999997,0.0,0.0,5310357.9568,0.0,0.0,0.0,0.0,0.0,0.0,0.0,0.0,0.0,1963174.6968,0.0,0.0,0.0,0.0,0.0,713877.6744,0.0,0.0,0.0,0.0,0.0,0.0,0.0,0.0,0.0,0.0,0.0,0.0,0.0,0.0,0.0,0.0,0.0,0.0,0.0,0.0,0.0,0.0,0.0,0.0,0.0,0.0,0.0
"2 STY 2 CLS sibunag, guimaras",2018,8451679.65,159792.3,35743.965,0.0,0.0,1469720.8201,0.0,0.0,0.0,0.0,0.0,0.0,0.0,0.0,0.0,0.0,875576.7474,0.0,0.0,0.0,0.0,216280.04,0.0,0.0,0.0,0.0,0.0,0.0,0.0,0.0,0.0,0.0,0.0,0.0,0.0,0.0,0.0,0.0,0.0,0.0,0.0,0.0,0.0,0.0,0.0,0.0,0.0,0.0,0.0
"4 STY 12 CLS Lucena, QUezon Province (has lean concrete)",2018,34993788.33,,,,,,,,,,,,,,,,,,,,,,,,,,,,,,,,,,,,,,,,,,,,,,,,
"2 STY 4 CLS SIpalay City, Negros Occidnetal",2024,13979500.0,119333.5,36115.0,793800.0,0.0,2613745.5436,0.0,0.0,0.0,0.0,0.0,0.0,0.0,0.0,938969.5586000001,0.0,0.0,0.0,0.0,0.0,0.0,796031.4,0.0,0.0,0.0,0.0,0.0,0.0,0.0,0.0,0.0,0.0,0.0,0.0,0.0,0.0,0.0,0.0,0.0,0.0,0.0,0.0,0.0,0.0,0.0,0.0,0.0,0.0,0.0
"1 STY 2 CLS Lapining, Northern Samar",2024,5949900.0,106963.92,0.0,0.0,0.0,977374.4999999999,435925.0,0.0,0.0,0.0,0.0,0.0,0.0,0.0,0.0,0.0,94422.24,0.0,0.0,0.0,0.0,405979.64999999997,0.0,0.0,0.0,0.0,0.0,0.0,0.0,0.0,0.0,0.0,0.0,0.0,0.0,0.0,0.0,0.0,0.0,0.0,0.0,0.0,0.0,0.0,0.0,0.0,0.0,0.0,0.0
"1 STY 2 CLS Las Navas, Northern Samar",2024,5961565.59,111006.36,0.0,0.0,0.0,1013286.6,432512.5,0.0,0.0,0.0,0.0,0.0,0.0,0.0,0.0,0.0,983820.24,0.0,0.0,0.0,0.0,406270.08,0.0,0.0,0.0,0.0,0.0,0.0,0.0,0.0,0.0,0.0,0.0,0.0,0.0,0.0,0.0,0.0,0.0,0.0,0.0,0.0,0.0,0.0,0.0,0.0,0.0,0.0,0.0
"Project 98: Pambujan, Northern Samar",2024,5948888.0,98070.20999999999,0.0,0.0,0.0,1011087.8999999999,434043.75,0.0,0.0,0.0,0.0,0.0,0.0,0.0,0.0,0.0,859464.72,0.0,0.0,0.0,0.0,405205.17,0.0,0.0,0.0,0.0,0.0,0.0,0.0,0.0,0.0,0.0,0.0,0.0,0.0,0.0,0.0,0.0,0.0,0.0,0.0,0.0,0.0,0.0,0.0,0.0,0.0,0.0,0.0
2 STY 2 CLS MaLOLOS Bulacan,2024,9746839.41,53068.208000000006,0.0,0.0,0.0,1461409.0725000002,0.0,0.0,0.0,0.0,0.0,0.0,0.0,0.0,0.0,0.0,995297.2619999999,0.0,0.0,0.0,0.0,696360.8106,0.0,0.0,0.0,0.0,0.0,0.0,0.0,0.0,0.0,0.0,0.0,0.0,0.0,0.0,0.0,0.0,0.0,0.0,0.0,0.0,0.0,0.0,0.0,0.0,0.0,0.0,0.0
"4 STY 12 CLS Meycuayan, Bulacan",2024,39378915.66,649891.68,2850798.6232,0.0,0.0,1957301.5161000001,5296328.5156,0.0,0.0,0.0,0.0,0.0,0.0,0.0,0.0,6315026.931,0.0,0.0,0.0,0.0,0.0,3793412.1456,0.0,0.0,0.0,0.0,0.0,0.0,0.0,0.0,0.0,0.0,0.0,0.0,0.0,0.0,0.0,0.0,0.0,0.0,0.0,0.0,0.0,0.0,0.0,0.0,0.0,0.0,0.0
"2 STY 4 CLS taay, rizal",2023,19199166.94,185001.39860000001,27547.29,0.0,0.0,1732524.348,1918278.39,0.0,0.0,0.0,0.0,0.0,0.0,0.0,0.0,0.0,2205625.3539,0.0,0.0,0.0,0.0,1083887.6194,0.0,0.0,0.0,0.0,0.0,0.0,0.0,0.0,0.0,0.0,0.0,0.0,0.0,0.0,0.0,0.0,0.0,0.0,0.0,0.0,0.0,0.0,0.0,0.0,0.0,0.0,0.0
3 STY 9 CLS San Luis Aurora,2023,29466330.56,200386.635,123165.5629,0.0,0.0,2895104.701,7574979.028000001,0.0,0.0,209828.10359999997,0.0,0.0,0.0,0.0,0.0,0.0,3588712.0374000003,0.0,0.0,0.0,0.0,1338578.7142,0.0,0.0,0.0,0.0,0.0,0.0,0.0,0.0,0.0,0.0,0.0,0.0,0.0,0.0,0.0,0.0,0.0,0.0,0.0,0.0,0.0,0.0,0.0,0.0,0.0,0.0,0.0
2 STY 4 CLS BAcong Negros Oriental,2023,14848582.15,176022.0,41202.0,0.0,0.0,1219300.9400000002,2182461.1380000003,0.0,0.0,0.0,0.0,0.0,0.0,0.0,205455.6,0.0,0.0,1309959.75,0.0,0.0,0.0,1081392.0,0.0,0.0,0.0,0.0,0.0,0.0,0.0,0.0,0.0,0.0,0.0,0.0,0.0,0.0,0.0,0.0,0.0,0.0,0.0,0.0,0.0,0.0,0.0,0.0,0.0,0.0,0.0
2 STY 6 CLS Nueva Valencia Guimaras,2023,18407495.54,303423.66,39720.1164,0.0,0.0,1484453.8125,2500933.8465,0.0,0.0,0.0,0.0,0.0,0.0,0.0,0.0,0.0,2761642.1273999996,0.0,0.0,0.0,0.0,1353850.7136000001,0.0,0.0,0.0,0.0,0.0,0.0,0.0,0.0,0.0,0.0,0.0,0.0,0.0,0.0,0.0,0.0,0.0,0.0,0.0,0.0,0.0,0.0,0.0,0.0,0.0,0.0,0.0
1 STY 4 CLS Bulalcao Orietal mindoro,2023,11370123.47,0.0,0.0,0.0,0.0,2286064.484,0.0,0.0,0.0,540123.716,163168.34499999997,201106.19200000004,205272.56399999998,356848.56999999995,0.0,0.0,0.0,0.0,0.0,0.0,0.0,422505.072,0.0,0.0,0.0,0.0,0.0,0.0,0.0,0.0,0.0,0.0,0.0,0.0,0.0,0.0,0.0,0.0,0.0,0.0,0.0,0.0,0.0,0.0,0.0,0.0,0.0,0.0,0.0
"2 STY 6 CLS Castillejos, Zambales",2021,5543607.28,23412.45,54469.512,0.0,0.0,63877.836,0.0,0.0,0.0,0.0,0.0,0.0,0.0,0.0,0.0,0.0,865009.7757,0.0,0.0,0.0,0.0,29835.1872,0.0,0.0,0.0,0.0,0.0,0.0,0.0,0.0,0.0,0.0,0.0,0.0,0.0,0.0,0.0,0.0,0.0,0.0,0.0,0.0,0.0,0.0,0.0,0.0,0.0,0.0,0.0
"2 STY 6 CLS Castillejos, Zambales",2021,4010862.85,217054.6896,98354.676,0.0,0.0,3043270.3092000005,3435255.765,0.0,0.0,0.0,0.0,0.0,0.0,0.0,0.0,0.0,3335278.0500000003,0.0,0.0,0.0,0.0,1841754.8851,0.0,0.0,0.0,0.0,0.0,0.0,0.0,0.0,0.0,0.0,0.0,0.0,0.0,0.0,0.0,0.0,0.0,0.0,0.0,0.0,0.0,0.0,0.0,0.0,0.0,0.0,0.0
"Project 117: Basay, Negros Oriental",,,290843.2637,82867.03199999999,0.0,0.0,2042866.2346,2864620.8000000003,0.0,0.0,0.0,0.0,0.0,0.0,0.0,0.0,0.0,0.0,2634046.585,0.0,0.0,417228.82480000006,1208140.0,0.0,0.0,0.0,0.0,0.0,0.0,0.0,0.0,0.0,0.0,0.0,0.0,0.0,0.0,0.0,0.0,0.0,0.0,0.0,0.0,0.0,0.0,0.0,0.0,0.0,0.0,0.0
"2 STY 4 CLS SIaton, Negros Oriental",,,168197.8172,43948.8,0.0,0.0,900469.3152,1667065.2012,0.0,0.0,0.0,0.0,0.0,0.0,0.0,0.0,0.0,0.0,1246832.4816,0.0,0.0,201146.364,1005795.0,0.0,0.0,0.0,0.0,0.0,0.0,0.0,0.0,0.0,0.0,0.0,0.0,0.0,0.0,0.0,0.0,0.0,0.0,0.0,0.0,0.0,0.0,0.0,0.0,0.0,0.0,0.0
"2 STY 4 CLS Dauin, Negros Oriental",2020,11842000.0,169998.8374,40999.914000000004,0.0,0.0,870011.5424,1499952.1319999998,0.0,0.0,0.0,0.0,0.0,0.0,0.0,0.0,0.0,0.0,1149999.904,0.0,0.0,184999.908,915000.0,0.0,0.0,0.0,0.0,0.0,0.0,0.0,0.0,0.0,0.0,0.0,0.0,0.0,0.0,0.0,0.0,0.0,0.0,0.0,0.0,0.0,0.0,0.0,0.0,0.0,0.0,0.0
"4 STY 20 CLS Binalonan, Pangasinan",2020,52921088.86,255782.74349999998,2364751.2102,0.0,0.0,3934860.579,8970410.91,0.0,0.0,297788.1797,5564459.113999999,0.0,0.0,0.0,0.0,0.0,0.0,0.0,0.0,0.0,0.0,3158560.46,0.0,0.0,0.0,0.0,0.0,0.0,0.0,0.0,0.0,0.0,0.0,0.0,0.0,0.0,0.0,0.0,0.0,0.0,0.0,0.0,0.0,0.0,0.0,0.0,0.0,0.0,0.0
"4 STY 20 CLS Tobias Fornier, Antique",2020,46778280.56,955523.1412,174373.45,0.0,0.0,3758849.64,8371035.75,0.0,0.0,0.0,0.0,0.0,0.0,0.0,0.0,0.0,5499843.359999999,0.0,0.0,0.0,0.0,2767810.5,0.0,0.0,0.0,0.0,0.0,0.0,0.0,0.0,0.0,0.0,0.0,0.0,0.0,0.0,0.0,0.0,0.0,0.0,0.0,0.0,0.0,0.0,0.0,0.0,0.0,0.0,0.0
4 STY 8 CLS San Pedro Laguna,2024,38606000.0,,,,,,,,,,,,,,,,,,,,,,,,,,,,,,,,,,,,,,,,,,,,,,,,
"2 STY 4 CLS Roxas City, Capiz",2024,15435664.91,113642.8224,98685.878,0.0,0.0,1707696.4275,1849459.8111000003,0.0,0.0,0.0,0.0,0.0,0.0,0.0,0.0,0.0,1752716.765,0.0,0.0,0.0,0.0,1828878.4799999997,0.0,0.0,0.0,0.0,0.0,0.0,0.0,0.0,0.0,0.0,0.0,0.0,0.0,0.0,0.0,0.0,0.0,0.0,0.0,0.0,0.0,0.0,0.0,0.0,0.0,0.0,0.0
3 STY 6 CLS Malolos Bulacan,2024,28962172.55,175470.284,37698.299999999996,0.0,0.0,3949099.8644999997,0.0,0.0,0.0,0.0,0.0,0.0,0.0,0.0,2262317.233,0.0,0.0,0.0,0.0,0.0,0.0,1445025.6957999999,0.0,0.0,0.0,0.0,0.0,0.0,0.0,0.0,0.0,0.0,0.0,0.0,0.0,0.0,0.0,0.0,0.0,0.0,0.0,0.0,0.0,0.0,0.0,0.0,0.0,0.0,0.0
"2 STY 4 CLS Ma-ayon, Capiz",2024,14859476.05,165992.3424,66222.42,0.0,0.0,2049556.3325999998,2026117.6926,0.0,0.0,0.0,0.0,0.0,0.0,0.0,0.0,0.0,1260267.8144,0.0,0.0,0.0,0.0,1136746.6800000002,0.0,0.0,0.0,0.0,0.0,0.0,0.0,0.0,0.0,0.0,0.0,0.0,0.0,0.0,0.0,0.0,0.0,0.0,0.0,0.0,0.0,0.0,0.0,0.0,0.0,0.0,0.0
"2 STY 4 CLS Ma-ayon, Capiz",2024,15500399.65,157585.3644,86698.162,0.0,0.0,1741781.9581999998,1832702.1269,0.0,0.0,0.0,0.0,0.0,0.0,0.0,0.0,0.0,2091130.8544000003,0.0,0.0,0.0,0.0,1108661.4570000002,0.0,0.0,0.0,0.0,0.0,0.0,0.0,0.0,0.0,0.0,0.0,0.0,0.0,0.0,0.0,0.0,0.0,0.0,0.0,0.0,0.0,0.0,0.0,0.0,0.0,0.0,0.0
"1 STY 2 CLS Milagros, Masbate",2024,5850335.9,89411.2212,0.0,0.0,0.0,1197744.9872,0.0,0.0,0.0,0.0,0.0,0.0,0.0,0.0,1051066.0940999999,0.0,0.0,0.0,0.0,0.0,0.0,422602.1312,0.0,0.0,0.0,0.0,0.0,0.0,0.0,0.0,0.0,0.0,0.0,0.0,0.0,0.0,0.0,0.0,0.0,0.0,0.0,0.0,0.0,0.0,0.0,0.0,0.0,0.0,0.0
"1 STY 5 CLS Santa Ignacia, Tarlac",2024,18740697.35,167881.58899999998,39446.548800000004,0.0,0.0,1903621.6832,0.0,0.0,0.0,0.0,0.0,0.0,0.0,0.0,0.0,0.0,1954890.0315,0.0,0.0,0.0,0.0,1446692.6415000001,0.0,0.0,0.0,0.0,0.0,0.0,0.0,0.0,0.0,0.0,0.0,0.0,0.0,0.0,0.0,0.0,0.0,0.0,0.0,0.0,0.0,0.0,0.0,0.0,0.0,0.0,0.0
1 STY 3 CLS Pura Tarlac,2024,10979055.79,103689.0683,21289.552200000002,0.0,0.0,1322103.8412000001,0.0,0.0,0.0,0.0,0.0,0.0,0.0,0.0,0.0,0.0,1188056.5746,0.0,0.0,0.0,0.0,665830.1884,0.0,0.0,0.0,0.0,0.0,0.0,0.0,0.0,0.0,0.0,0.0,0.0,0.0,0.0,0.0,0.0,0.0,0.0,0.0,0.0,0.0,0.0,0.0,0.0,0.0,0.0,0.0
"2 STY 10 CLS Jordan, Guimaras",2024,39696137.55,580323.9763999999,127473.28499999999,0.0,0.0,1547212.32,5598790.89,0.0,0.0,0.0,0.0,0.0,0.0,0.0,4885302.4272,0.0,0.0,0.0,0.0,0.0,0.0,1677135.4776,0.0,0.0,0.0,0.0,0.0,0.0,0.0,0.0,0.0,0.0,0.0,0.0,0.0,0.0,0.0,0.0,0.0,0.0,0.0,0.0,0.0,0.0,0.0,0.0,0.0,0.0,0.0
4 STY 8 CLS Quiot Pardo Cebu,2024,39759647.0,,,,,,,,,,,,,,,,,,,,,,,,,,,,,,,,,,,,,,,,,,,,,,,,
2 STY 4 CLS Pilar Bataan,2024,14604194.55,164788.77,61269.299999999996,0.0,0.0,1374201.78,2352633.12,0.0,0.0,0.0,0.0,0.0,0.0,0.0,0.0,0.0,1797325.41,0.0,0.0,0.0,0.0,1183031.4300000002,0.0,0.0,0.0,0.0,0.0,0.0,0.0,0.0,0.0,0.0,0.0,0.0,0.0,0.0,0.0,0.0,0.0,0.0,0.0,0.0,0.0,0.0,0.0,0.0,0.0,0.0,0.0
"2 STY 4 CLS Ajuy, Iloilo",2024,15514088.25,94132.09520000001,47638.5,0.0,0.0,983989.3116,1339372.5921,0.0,0.0,0.0,0.0,0.0,0.0,0.0,979273.603,0.0,520858.0452,0.0,0.0,0.0,0.0,562606.7200000001,0.0,0.0,0.0,0.0,0.0,0.0,0.0,0.0,0.0,0.0,0.0,0.0,0.0,0.0,0.0,0.0,0.0,0.0,0.0,0.0,0.0,0.0,0.0,0.0,0.0,0.0,0.0
"2 STY 4 CLS Buenavista, Guimaras",2024,15514440.95,164855.7792,84314.79,0.0,0.0,1050912.72,2868576.36,0.0,0.0,0.0,0.0,0.0,0.0,0.0,0.0,0.0,1650223.7388,0.0,0.0,0.0,0.0,1291491.396,0.0,0.0,0.0,0.0,0.0,0.0,0.0,0.0,0.0,0.0,0.0,0.0,0.0,0.0,0.0,0.0,0.0,0.0,0.0,0.0,0.0,0.0,0.0,0.0,0.0,0.0,0.0
"1 STY 3 CLS Barobo, Surigao Del sur",2024,9611535.48,114078.86000000002,15056.72,0.0,0.0,688873.64,923341.3200000001,0.0,0.0,0.0,0.0,0.0,0.0,0.0,1199070.14,0.0,0.0,0.0,0.0,0.0,0.0,292830.5896,0.0,0.0,0.0,0.0,0.0,0.0,0.0,0.0,0.0,0.0,0.0,0.0,0.0,0.0,0.0,0.0,0.0,0.0,0.0,0.0,0.0,0.0,0.0,0.0,0.0,0.0,0.0
"1 STY 3 CLS Barobo, Surigao Del sur",2024,9651558.77,68637.90780000002,192480.66809999998,0.0,0.0,1053889.2952,798177.2744,0.0,0.0,0.0,0.0,0.0,0.0,0.0,1611420.234,0.0,0.0,0.0,0.0,0.0,0.0,195737.172,0.0,0.0,0.0,0.0,0.0,0.0,0.0,0.0,0.0,0.0,0.0,0.0,0.0,0.0,0.0,0.0,0.0,0.0,0.0,0.0,0.0,0.0,0.0,0.0,0.0,0.0,0.0
"1 STY 3 CLS Barobo, Surigao Del sur",2024,9687517.65,139598.82580000002,36172.530099999996,0.0,0.0,706623.76,869246.576,0.0,0.0,0.0,0.0,0.0,0.0,0.0,1056853.9732,0.0,0.0,0.0,0.0,0.0,0.0,145628.68480000002,0.0,0.0,0.0,0.0,0.0,0.0,0.0,0.0,0.0,0.0,0.0,0.0,0.0,0.0,0.0,0.0,0.0,0.0,0.0,0.0,0.0,0.0,0.0,0.0,0.0,0.0,0.0
"1 STY 3 CLS Barobo, Surigao Del sur",2024,9718956.84,162276.48780000003,31799.206599999998,0.0,0.0,602373.9188000001,741844.1272000001,0.0,0.0,0.0,0.0,0.0,0.0,0.0,1485566.699,0.0,0.0,0.0,0.0,0.0,0.0,98815.3784,0.0,0.0,0.0,0.0,0.0,0.0,0.0,0.0,0.0,0.0,0.0,0.0,0.0,0.0,0.0,0.0,0.0,0.0,0.0,0.0,0.0,0.0,0.0,0.0,0.0,0.0,0.0
"1 STY 3 CLS Barobo, Surigao Del sur",2024,9930171.7,154567.18760000003,91870.10979999999,0.0,0.0,1040118.0,1257796.0648,0.0,0.0,0.0,0.0,0.0,0.0,0.0,1369392.1469999999,0.0,0.0,0.0,0.0,0.0,0.0,301480.4392,0.0,0.0,0.0,0.0,0.0,0.0,0.0,0.0,0.0,0.0,0.0,0.0,0.0,0.0,0.0,0.0,0.0,0.0,0.0,0.0,0.0,0.0,0.0,0.0,0.0,0.0,0.0
"1 STY 2 CLS Pontevedra, Negros Occidnetal",2024,4915295.55,80550.0,16437.600000000002,0.0,0.0,1086905.98,0.0,0.0,0.0,0.0,0.0,0.0,0.0,0.0,796564.0,0.0,0.0,0.0,0.0,0.0,0.0,244593.8,0.0,0.0,0.0,0.0,0.0,0.0,0.0,0.0,0.0,0.0,0.0,0.0,0.0,0.0,0.0,0.0,0.0,0.0,0.0,0.0,0.0,0.0,0.0,0.0,0.0,0.0,0.0
"1 STY 2 CLS La Corlota, Negros Occidnetal",2024,4925053.59,,,,,,,,,,,,,,,,,,,,,,,,,,,,,,,,,,,,,,,,,,,,,,,,
"1 STY 2 CLS Valladolid, Negros Occidental",2024,4948168.58,89915.28,20057.0682,0.0,0.0,810975.4147000001,0.0,0.0,0.0,0.0,0.0,0.0,0.0,0.0,421917.7784,0.0,0.0,0.0,0.0,0.0,0.0,241672.07679999998,0.0,0.0,0.0,0.0,0.0,0.0,0.0,0.0,0.0,0.0,0.0,0.0,0.0,0.0,0.0,0.0,0.0,0.0,0.0,0.0,0.0,0.0,0.0,0.0,0.0,0.0,0.0
Project 148: San Enrique Negros Occidental,2024,4947465.01,89915.28,20090.3239,0.0,0.0,810975.4147000001,0.0,0.0,0.0,0.0,0.0,0.0,0.0,0.0,421917.7784,0.0,0.0,0.0,0.0,0.0,0.0,241672.07679999998,0.0,0.0,0.0,0.0,0.0,0.0,0.0,0.0,0.0,0.0,0.0,0.0,0.0,0.0,0.0,0.0,0.0,0.0,0.0,0.0,0.0,0.0,0.0,0.0,0.0,0.0,0.0
Project 149: LA Carlota Negros Occidental,2024,4960678.36,37464.700000000004,11663.9992,0.0,0.0,864602.9456,0.0,0.0,0.0,0.0,0.0,0.0,0.0,0.0,913063.5380000001,0.0,0.0,0.0,0.0,0.0,0.0,194200.776,0.0,0.0,0.0,0.0,0.0,0.0,0.0,0.0,0.0,0.0,0.0,0.0,0.0,0.0,0.0,0.0,0.0,0.0,0.0,0.0,0.0,0.0,0.0,0.0,0.0,0.0,0.0
1 STY 2 CLS BAgo CityNegros Occidental,2024,4949269.88,89915.28,19937.5151,0.0,0.0,810975.4147000001,0.0,0.0,0.0,0.0,0.0,0.0,0.0,0.0,421917.7784,0.0,0.0,0.0,0.0,0.0,0.0,241672.07679999998,0.0,0.0,0.0,0.0,0.0,0.0,0.0,0.0,0.0,0.0,0.0,0.0,0.0,0.0,0.0,0.0,0.0,0.0,0.0,0.0,0.0,0.0,0.0,0.0,0.0,0.0,0.0
1 STY 2 CLS Bago City Negros Occidental,2024,4925053.59,54620.06,12993.542300000001,0.0,0.0,973601.1585,0.0,0.0,0.0,0.0,0.0,0.0,0.0,0.0,699789.686,0.0,0.0,0.0,0.0,0.0,0.0,473587.2064,0.0,0.0,0.0,0.0,0.0,0.0,0.0,0.0,0.0,0.0,0.0,0.0,0.0,0.0,0.0,0.0,0.0,0.0,0.0,0.0,0.0,0.0,0.0,0.0,0.0,0.0,0.0
1 STY 2 CLS Pulupandan Negros Occidental,2024,4942656.33,80550.0,13698.0,0.0,0.0,1076652.15,0.0,0.0,0.0,0.0,0.0,0.0,0.0,0.0,837624.0,0.0,0.0,0.0,0.0,0.0,0.0,241243.2,0.0,0.0,0.0,0.0,0.0,0.0,0.0,0.0,0.0,0.0,0.0,0.0,0.0,0.0,0.0,0.0,0.0,0.0,0.0,0.0,0.0,0.0,0.0,0.0,0.0,0.0,0.0
3 STY 6 CLS San Mateo Rizal,2023,24959293.13,260609.54100000003,45304.71,0.0,0.0,2922419.4017000003,3384422.9000000004,0.0,0.0,0.0,0.0,0.0,0.0,0.0,0.0,0.0,3138547.2378000002,0.0,0.0,0.0,0.0,1370304.583,0.0,0.0,0.0,0.0,0.0,0.0,0.0,0.0,0.0,0.0,0.0,0.0,0.0,0.0,0.0,0.0,0.0,0.0,0.0,0.0,0.0,0.0,0.0,0.0,0.0,0.0,0.0
"3 STY 9 CLS Baler, Aurora",2023,29456364.98,452032.515,123270.329,0.0,0.0,2832938.1417,7535730.432,0.0,0.0,213918.0797,0.0,0.0,0.0,0.0,0.0,0.0,0.0,3610817.9772000005,0.0,0.0,0.0,1312053.3174,0.0,0.0,0.0,0.0,0.0,0.0,0.0,0.0,0.0,0.0,0.0,0.0,0.0,0.0,0.0,0.0,0.0,0.0,0.0,0.0,0.0,0.0,0.0,0.0,0.0,0.0,0.0
"1 STY 4 CLS DIlasag, Aurora",2023,9728874.27,129848.94,27931.150799999996,0.0,0.0,1482081.1611000001,0.0,0.0,0.0,425194.2561,141315.75900000002,132332.89680000002,124810.66260000001,253418.95800000004,0.0,0.0,0.0,0.0,0.0,0.0,0.0,587900.826,0.0,0.0,0.0,0.0,0.0,0.0,0.0,0.0,0.0,0.0,0.0,0.0,0.0,0.0,0.0,0.0,0.0,0.0,0.0,0.0,0.0,0.0,0.0,0.0,0.0,0.0,0.0
"1 STY 4 CLS Dipaculao, Aurora",2023,9809368.69,122527.07999999999,27781.1514,0.0,0.0,1411345.3348,0.0,0.0,0.0,414431.15910000005,135484.63650000002,131003.4909,119660.5911,242962.113,0.0,0.0,0.0,0.0,0.0,0.0,0.0,573479.403,0.0,0.0,0.0,0.0,0.0,0.0,0.0,0.0,0.0,0.0,0.0,0.0,0.0,0.0,0.0,0.0,0.0,0.0,0.0,0.0,0.0,0.0,0.0,0.0,0.0,0.0,0.0
2 STY 4 CLS San Lorenzo Guimaras,2024,15600784.32,240734.82399999996,64326.465,0.0,0.0,827099.2999999999,2489433.22,0.0,0.0,0.0,0.0,0.0,0.0,0.0,2112673.3488000003,0.0,0.0,0.0,0.0,0.0,0.0,602997.7772,0.0,0.0,0.0,0.0,0.0,0.0,0.0,0.0,0.0,0.0,0.0,0.0,0.0,0.0,0.0,0.0,0.0,0.0,0.0,0.0,0.0,0.0,0.0,0.0,0.0,0.0,0.0
2 STY 4 CLS Surigao City Surigao del norte,2024,21200658.33,100122.50279999999,38579.655,0.0,0.0,1711738.377,5059389.355,0.0,0.0,0.0,0.0,0.0,0.0,0.0,0.0,0.0,0.0,3971358.8064,0.0,0.0,0.0,599691.3539999999,0.0,0.0,0.0,0.0,0.0,0.0,0.0,0.0,0.0,0.0,0.0,0.0,0.0,0.0,0.0,0.0,0.0,0.0,0.0,0.0,0.0,0.0,0.0,0.0,0.0,0.0,0.0
"2 STY 12 CLS Donsol, Sorsogon",2024,61380991.62,518406.02040000004,92725.51000000001,0.0,0.0,3329755.6529999995,7892059.8808,0.0,0.0,0.0,0.0,0.0,0.0,0.0,0.0,0.0,0.0,3620036.3345999997,0.0,0.0,0.0,1178184.9239999999,0.0,0.0,0.0,0.0,0.0,0.0,0.0,0.0,0.0,0.0,0.0,0.0,0.0,0.0,0.0,0.0,0.0,0.0,0.0,0.0,0.0,0.0,0.0,0.0,0.0,0.0,0.0
"2 STY 12 CLS Donsol, Sorsogon",2024,61379478.66,518419.565,92725.51000000001,0.0,0.0,3329755.6529999995,7892059.8808,0.0,0.0,0.0,0.0,0.0,0.0,0.0,0.0,0.0,0.0,3620036.3345999997,0.0,0.0,0.0,1178184.9239999999,0.0,0.0,0.0,0.0,0.0,0.0,0.0,0.0,0.0,0.0,0.0,0.0,0.0,0.0,0.0,0.0,0.0,0.0,0.0,0.0,0.0,0.0,0.0,0.0,0.0,0.0,0.0
"1 STY 3 CLS Hinatuan, Surigao Del Sur",2024,9748288.86,22050.0882,243804.69260000004,0.0,0.0,1194460.8048,1541522.7584000002,0.0,0.0,0.0,0.0,0.0,0.0,0.0,1155788.0594,0.0,0.0,0.0,0.0,0.0,0.0,283683.0304,0.0,0.0,0.0,0.0,0.0,0.0,0.0,0.0,0.0,0.0,0.0,0.0,0.0,0.0,0.0,0.0,0.0,0.0,0.0,0.0,0.0,0.0,0.0,0.0,0.0,0.0,0.0
"2 STY 4 CLS San Fernando, La Union",2020,10225396.27,155246.22,25082.55,0.0,0.0,802690.42,1979924.04,0.0,0.0,0.0,0.0,0.0,0.0,0.0,0.0,0.0,0.0,0.0,136125.5,0.0,0.0,718272.96,0.0,0.0,0.0,0.0,0.0,0.0,0.0,0.0,0.0,0.0,0.0,0.0,0.0,0.0,0.0,0.0,0.0,0.0,0.0,0.0,0.0,0.0,0.0,0.0,0.0,0.0,0.0
"2 STY 4 CLS Santol, La Union",2020,11643725.83,152704.8,27669.0,0.0,0.0,830369.4,2009040.5699999998,0.0,0.0,0.0,0.0,0.0,0.0,0.0,0.0,0.0,0.0,0.0,0.0,0.0,132957.25,699073.84,0.0,0.0,0.0,0.0,0.0,0.0,0.0,0.0,0.0,0.0,0.0,0.0,0.0,0.0,0.0,0.0,0.0,0.0,0.0,0.0,0.0,0.0,0.0,0.0,0.0,0.0,0.0
"2 STY 4 CLS Calumpit, Bulacan",2020,17427043.69,181708.1528,66761.53,0.0,0.0,3009077.9546,0.0,0.0,0.0,0.0,0.0,0.0,0.0,0.0,0.0,0.0,2115122.7496,0.0,0.0,0.0,0.0,1386579.4237,0.0,0.0,0.0,0.0,0.0,0.0,0.0,0.0,0.0,0.0,0.0,0.0,0.0,0.0,0.0,0.0,0.0,0.0,0.0,0.0,0.0,0.0,0.0,0.0,0.0,0.0,0.0
"2 STY 6 CLS Concepcion, Tarlac",2020,14286556.91,202809.2026,49448.77160000001,0.0,0.0,1522633.1292,2201487.2855,0.0,0.0,0.0,0.0,0.0,0.0,0.0,0.0,0.0,1411100.2008,0.0,0.0,0.0,0.0,539604.1658999999,0.0,0.0,0.0,0.0,0.0,0.0,0.0,0.0,0.0,0.0,0.0,0.0,0.0,0.0,0.0,0.0,0.0,0.0,0.0,0.0,0.0,0.0,0.0,0.0,0.0,0.0,0.0
"2 STY 10 CLS Concepcion, Tarlac",2020,22950890.2,340233.185,107087.62019999999,0.0,0.0,2369632.9306,3385818.4184,0.0,0.0,0.0,0.0,0.0,0.0,0.0,0.0,0.0,2295015.9622,0.0,0.0,0.0,0.0,904351.261,0.0,0.0,0.0,0.0,0.0,0.0,0.0,0.0,0.0,0.0,0.0,0.0,0.0,0.0,0.0,0.0,0.0,0.0,0.0,0.0,0.0,0.0,0.0,0.0,0.0,0.0,0.0
"2 STY 10 CLS Concepcion, Tarlac",2020,23388848.19,340233.185,107087.62019999999,0.0,0.0,2444321.4972,3385818.4184,0.0,0.0,0.0,0.0,0.0,0.0,0.0,0.0,0.0,2370646.4832,0.0,0.0,0.0,0.0,904351.261,0.0,0.0,0.0,0.0,0.0,0.0,0.0,0.0,0.0,0.0,0.0,0.0,0.0,0.0,0.0,0.0,0.0,0.0,0.0,0.0,0.0,0.0,0.0,0.0,0.0,0.0,0.0
"2 STY 4 CLS Balaoan, La Union",2020,12120899.92,155246.22,25082.55,0.0,0.0,802690.42,2238498.8,0.0,0.0,0.0,0.0,0.0,0.0,0.0,0.0,0.0,0.0,0.0,0.0,0.0,131558.85,725244.9,0.0,0.0,0.0,0.0,0.0,0.0,0.0,0.0,0.0,0.0,0.0,0.0,0.0,0.0,0.0,0.0,0.0,0.0,0.0,0.0,0.0,0.0,0.0,0.0,0.0,0.0,0.0
"2 STY 4 CLS San Gabriel, La Union",2020,11961936.91,150156.18,26305.600000000002,0.0,0.0,871887.87,2038157.0999999999,0.0,0.0,0.0,0.0,0.0,0.0,0.0,0.0,0.0,0.0,0.0,0.0,0.0,144297.40000000002,681004.08,0.0,0.0,0.0,0.0,0.0,0.0,0.0,0.0,0.0,0.0,0.0,0.0,0.0,0.0,0.0,0.0,0.0,0.0,0.0,0.0,0.0,0.0,0.0,0.0,0.0,0.0,0.0
"2 STY 6 CLS Sudipen, La Union",2020,18138493.34,66145.14,521307.76,0.0,0.0,947930.28,3391046.25,0.0,0.0,0.0,0.0,0.0,0.0,0.0,0.0,0.0,0.0,0.0,0.0,0.0,217360.0,960283.35,0.0,0.0,0.0,0.0,0.0,0.0,0.0,0.0,0.0,0.0,0.0,0.0,0.0,0.0,0.0,0.0,0.0,0.0,0.0,0.0,0.0,0.0,0.0,0.0,0.0,0.0,0.0
"2 STY 6 CLS Alcala, Pangasinan",2020,16204711.8,78246.8144,695909.7483,0.0,0.0,1010137.0604,1892351.8119,0.0,0.0,179827.1544,0.0,1193798.9819999998,0.0,0.0,0.0,0.0,0.0,0.0,0.0,0.0,0.0,804890.0390999999,0.0,0.0,0.0,0.0,0.0,0.0,0.0,0.0,0.0,0.0,0.0,0.0,0.0,0.0,0.0,0.0,0.0,0.0,0.0,0.0,0.0,0.0,0.0,0.0,0.0,0.0,0.0
"2 STY 4 CLS Santo Tomas, Pangasinan",2020,26765713.42,85427.22,1182070.79,0.0,0.0,1525945.4896000002,2800784.7868,0.0,0.0,257367.5496,0.0,1804533.6204000001,0.0,0.0,0.0,0.0,0.0,0.0,0.0,0.0,0.0,1193721.7185999998,0.0,0.0,0.0,0.0,0.0,0.0,0.0,0.0,0.0,0.0,0.0,0.0,0.0,0.0,0.0,0.0,0.0,0.0,0.0,0.0,0.0,0.0,0.0,0.0,0.0,0.0,0.0
"2 STY 4 CLS Villasis, Pangasinan",2020,12013356.38,39396.972,489921.0628,0.0,0.0,798355.9584,1395070.1358999999,0.0,0.0,133961.9064,0.0,964165.3289999999,0.0,0.0,0.0,0.0,0.0,0.0,0.0,0.0,0.0,608742.135,0.0,0.0,0.0,0.0,0.0,0.0,0.0,0.0,0.0,0.0,0.0,0.0,0.0,0.0,0.0,0.0,0.0,0.0,0.0,0.0,0.0,0.0,0.0,0.0,0.0,0.0,0.0
"2 STY 4 CLS San Quintin, Pangasinan",2020,13552545.56,86053.5488,44900.4796,0.0,0.0,771860.4010000001,1395070.1358999999,0.0,0.0,130857.378,0.0,917866.8114000001,0.0,0.0,0.0,0.0,0.0,0.0,0.0,0.0,0.0,586421.357,0.0,0.0,0.0,0.0,0.0,0.0,0.0,0.0,0.0,0.0,0.0,0.0,0.0,0.0,0.0,0.0,0.0,0.0,0.0,0.0,0.0,0.0,0.0,0.0,0.0,0.0,0.0
2 STY 4 CLS Olongapo City,2019,11747123.96,139250.636,79332.5728,0.0,0.0,0.0,2206044.8896000003,0.0,0.0,0.0,0.0,0.0,0.0,0.0,0.0,0.0,1052158.464,0.0,0.0,0.0,0.0,1931155.4250000003,0.0,0.0,0.0,0.0,0.0,0.0,0.0,0.0,0.0,0.0,0.0,0.0,0.0,0.0,0.0,0.0,0.0,0.0,0.0,0.0,0.0,0.0,0.0,0.0,0.0,0.0,0.0
"2 STY 4 CLS Santol, La Union",2019,9535693.24,191779.9821,0.0,0.0,0.0,809069.3688,2174445.1884000003,0.0,0.0,166208.3232,0.0,0.0,0.0,0.0,0.0,0.0,0.0,1067951.9901,0.0,0.0,0.0,500574.99799999996,0.0,0.0,0.0,0.0,0.0,0.0,0.0,0.0,0.0,0.0,0.0,0.0,0.0,0.0,0.0,0.0,0.0,0.0,0.0,0.0,0.0,0.0,0.0,0.0,0.0,0.0,0.0
"2 STY 6 CLS Tulong, Negros oriental",2019,15860831.98,182473.6648,19349.932800000002,0.0,0.0,1981880.7200000002,3433449.392,0.0,0.0,0.0,0.0,0.0,0.0,0.0,0.0,0.0,0.0,2268516.5848,0.0,0.0,282170.89800000004,490755.0,0.0,0.0,0.0,0.0,0.0,0.0,0.0,0.0,0.0,0.0,0.0,0.0,0.0,0.0,0.0,0.0,0.0,0.0,0.0,0.0,0.0,0.0,0.0,0.0,0.0,0.0,0.0
"2 STY 8 CLS Capas, Tarlac",2019,19008987.48,270990.1264,97921.87439999999,0.0,0.0,2026823.2836000002,3082987.8289,0.0,0.0,0.0,0.0,0.0,0.0,0.0,0.0,0.0,1949208.9867,0.0,0.0,0.0,0.0,642521.9717,0.0,0.0,0.0,0.0,0.0,0.0,0.0,0.0,0.0,0.0,0.0,0.0,0.0,0.0,0.0,0.0,0.0,0.0,0.0,0.0,0.0,0.0,0.0,0.0,0.0,0.0,0.0
2 STY 6 CLS Capas Tarlac,2019,13050852.26,186074.1396,46788.9581,0.0,0.0,1436547.8698999998,2047805.334,0.0,0.0,0.0,0.0,0.0,0.0,0.0,0.0,0.0,1315659.2427,0.0,0.0,0.0,0.0,446808.74569999997,0.0,0.0,0.0,0.0,0.0,0.0,0.0,0.0,0.0,0.0,0.0,0.0,0.0,0.0,0.0,0.0,0.0,0.0,0.0,0.0,0.0,0.0,0.0,0.0,0.0,0.0,0.0
"2 STY 8 CLS Bamban, Tarlac",2019,20674448.34,298496.3744,96429.9576,0.0,0.0,2079104.8680000002,3221158.4558999995,0.0,0.0,0.0,0.0,0.0,0.0,0.0,0.0,0.0,2034223.6767,0.0,0.0,0.0,0.0,715418.2231,0.0,0.0,0.0,0.0,0.0,0.0,0.0,0.0,0.0,0.0,0.0,0.0,0.0,0.0,0.0,0.0,0.0,0.0,0.0,0.0,0.0,0.0,0.0,0.0,0.0,0.0,0.0
"1 STY 2 CLS Concepcion, Tarlac",2019,4790554.26,56397.51,12828.391200000002,0.0,0.0,1037742.7392,0.0,0.0,0.0,263497.2912,65756.292,61438.168000000005,0.0,124950.0779,0.0,0.0,0.0,0.0,0.0,0.0,0.0,165321.702,0.0,0.0,0.0,0.0,0.0,0.0,0.0,0.0,0.0,0.0,0.0,0.0,0.0,0.0,0.0,0.0,0.0,0.0,0.0,0.0,0.0,0.0,0.0,0.0,0.0,0.0,0.0
"2 STY 4 CLS Bamban, Tarlac",2019,10500982.26,148855.2408,46618.890100000004,0.0,0.0,1148289.2496,0.0,0.0,0.0,0.0,0.0,0.0,0.0,0.0,0.0,0.0,1043200.0480000002,0.0,0.0,0.0,0.0,401183.12130000006,0.0,0.0,0.0,0.0,0.0,0.0,0.0,0.0,0.0,0.0,0.0,0.0,0.0,0.0,0.0,0.0,0.0,0.0,0.0,0.0,0.0,0.0,0.0,0.0,0.0,0.0,0.0
"2 STY 4 CLS Capas, tarlac",2019,10220155.8,144693.5812,45850.0827,0.0,0.0,1111048.3388,1576949.5601999997,0.0,0.0,0.0,0.0,0.0,0.0,0.0,0.0,0.0,1031230.1088,0.0,0.0,0.0,0.0,355317.7269,0.0,0.0,0.0,0.0,0.0,0.0,0.0,0.0,0.0,0.0,0.0,0.0,0.0,0.0,0.0,0.0,0.0,0.0,0.0,0.0,0.0,0.0,0.0,0.0,0.0,0.0,0.0
"2 STY 4 CLS Concepcion, Tarlac",2019,10528728.45,136111.27459999998,46109.6865,0.0,0.0,1105704.3516,1564428.6671999998,0.0,0.0,0.0,0.0,0.0,0.0,0.0,0.0,0.0,1030427.136,0.0,0.0,0.0,0.0,386342.8022,0.0,0.0,0.0,0.0,0.0,0.0,0.0,0.0,0.0,0.0,0.0,0.0,0.0,0.0,0.0,0.0,0.0,0.0,0.0,0.0,0.0,0.0,0.0,0.0,0.0,0.0,0.0
"2 STY 6 CLS Concepcion, Tarlac",2019,13341965.93,195577.9263,47242.38940000001,0.0,0.0,1400187.7396,1962813.2688,0.0,0.0,0.0,0.0,0.0,0.0,0.0,0.0,0.0,1368607.3797,0.0,0.0,0.0,0.0,510459.6979,0.0,0.0,0.0,0.0,0.0,0.0,0.0,0.0,0.0,0.0,0.0,0.0,0.0,0.0,0.0,0.0,0.0,0.0,0.0,0.0,0.0,0.0,0.0,0.0,0.0,0.0,0.0
